index,k__Bacteria;__;__;__;__;__,k__Bacteria;p__Firmicutes;c__Clostridia;o__Clostridiales;f__Ruminococcaceae;g__Faecalibacterium,k__Bacteria;p__OD1;c__;o__;f__;g__,k__Bacteria;p__Proteobacteria;c__Gammaproteobacteria;o__Enterobacteriales;f__Enterobacteriaceae;__,k__Bacteria;p__Spirochaetes;c__Spirochaetes;o__Spirochaetales;f__Spirochaetaceae;g__Treponema,k__Bacteria;p__Proteobacteria;c__Gammaproteobacteria;o__Aeromonadales;f__Succinivibrionaceae;g__Succinivibrio,k__Bacteria;p__Firmicutes;c__Clostridia;o__Clostridiales;f__Lachnospiraceae;g__Anaerostipes,k__Bacteria;p__Firmicutes;c__Clostridia;o__Clostridiales;__;__,k__Bacteria;p__Firmicutes;c__Clostridia;o__Clostridiales;f__Christensenellaceae;g__,k__Bacteria;p__Firmicutes;c__Bacilli;o__Lactobacillales;f__Lactobacillaceae;g__Lactobacillus,k__Bacteria;p__Firmicutes;c__Bacilli;o__Lactobacillales;f__Leuconostocaceae;g__Weissella,k__Bacteria;p__Firmicutes;c__Bacilli;o__Lactobacillales;f__Enterococcaceae;g__Enterococcus,k__Bacteria;p__Firmicutes;c__Bacilli;o__Lactobacillales;f__Streptococcaceae;g__Streptococcus,k__Bacteria;p__Firmicutes;c__Bacilli;o__Turicibacterales;f__Turicibacteraceae;g__Turicibacter,k__Bacteria;p__Tenericutes;c__Mollicutes;o__Anaeroplasmatales;f__Anaeroplasmataceae;g__,k__Bacteria;p__Firmicutes;c__Erysipelotrichi;o__Erysipelotrichales;f__Erysipelotrichaceae;g__,k__Bacteria;p__Firmicutes;c__Erysipelotrichi;o__Erysipelotrichales;f__Erysipelotrichaceae;g__Catenibacterium,k__Bacteria;p__Tenericutes;c__RF3;o__ML615J-28;f__;g__,k__Bacteria;p__Firmicutes;c__Erysipelotrichi;o__Erysipelotrichales;f__Erysipelotrichaceae;g__Bulleidia,k__Bacteria;p__Firmicutes;c__Erysipelotrichi;o__Erysipelotrichales;f__Erysipelotrichaceae;g__[Eubacterium],k__Bacteria;p__Cyanobacteria;c__4C0d-2;o__YS2;f__;g__,k__Bacteria;p__Firmicutes;c__Erysipelotrichi;o__Erysipelotrichales;f__Erysipelotrichaceae;__,k__Bacteria;p__Verrucomicrobia;c__Verrucomicrobiae;o__Verrucomicrobiales;f__Verrucomicrobiaceae;g__Akkermansia,k__Bacteria;p__Lentisphaerae;c__[Lentisphaeria];o__Victivallales;f__Victivallaceae;g__,k__Bacteria;p__Lentisphaerae;c__[Lentisphaeria];o__Victivallales;f__Victivallaceae;g__Victivallis,k__Bacteria;p__Lentisphaerae;c__[Lentisphaeria];o__Victivallales;f__Victivallaceae;__,k__Bacteria;p__Firmicutes;c__Clostridia;o__Clostridiales;f__;g__,k__Bacteria;p__TM7;c__TM7-3;o__I025;f__Rs-045;g__,k__Bacteria;p__Proteobacteria;c__Alphaproteobacteria;o__RF32;f__;g__,k__Bacteria;p__Firmicutes;c__Clostridia;o__Clostridiales;f__Ruminococcaceae;g__,k__Bacteria;p__Bacteroidetes;c__Bacteroidia;o__Bacteroidales;f__[Paraprevotellaceae];g__[Prevotella],k__Bacteria;p__Bacteroidetes;c__Bacteroidia;o__Bacteroidales;f__Bacteroidaceae;g__Bacteroides,k__Bacteria;p__Bacteroidetes;c__Bacteroidia;o__Bacteroidales;f__Prevotellaceae;g__Prevotella,k__Bacteria;p__Bacteroidetes;c__Bacteroidia;o__Bacteroidales;f__S24-7;g__,k__Bacteria;p__Bacteroidetes;c__Bacteroidia;o__Bacteroidales;f__[Odoribacteraceae];g__Odoribacter,k__Bacteria;p__Bacteroidetes;c__Bacteroidia;o__Bacteroidales;f__Rikenellaceae;g__,k__Bacteria;p__Bacteroidetes;c__Bacteroidia;o__Bacteroidales;f__Rikenellaceae;g__Alistipes,k__Bacteria;p__Bacteroidetes;c__Bacteroidia;o__Bacteroidales;f__Rikenellaceae;__,k__Bacteria;p__Bacteroidetes;c__Bacteroidia;o__Bacteroidales;f__Porphyromonadaceae;g__Parabacteroides,k__Bacteria;p__Bacteroidetes;c__Bacteroidia;o__Bacteroidales;f__[Paraprevotellaceae];g__Paraprevotella,k__Bacteria;p__Bacteroidetes;c__Bacteroidia;o__Bacteroidales;__;__,k__Bacteria;p__Bacteroidetes;c__Bacteroidia;o__Bacteroidales;f__[Paraprevotellaceae];g__,k__Bacteria;p__Bacteroidetes;c__Bacteroidia;o__Bacteroidales;f__[Odoribacteraceae];g__Butyricimonas,k__Bacteria;p__Bacteroidetes;c__Bacteroidia;o__Bacteroidales;f__[Barnesiellaceae];g__,k__Bacteria;p__Bacteroidetes;c__Bacteroidia;o__Bacteroidales;f__;g__,k__Bacteria;p__Bacteroidetes;c__Bacteroidia;o__Bacteroidales;f__Prevotellaceae;g__,k__Bacteria;p__Bacteroidetes;c__Bacteroidia;o__Bacteroidales;f__[Barnesiellaceae];__,k__Bacteria;p__Firmicutes;c__Clostridia;o__Clostridiales;f__Ruminococcaceae;g__Ruminococcus,k__Bacteria;p__Firmicutes;c__Clostridia;o__Clostridiales;f__Ruminococcaceae;__,k__Bacteria;p__Firmicutes;c__Clostridia;o__Clostridiales;f__Lachnospiraceae;g__Dorea,k__Bacteria;p__Firmicutes;c__Clostridia;o__Clostridiales;f__Lachnospiraceae;g__Lachnospira,k__Bacteria;p__Firmicutes;c__Clostridia;o__Clostridiales;f__Lachnospiraceae;__,k__Bacteria;p__Firmicutes;c__Clostridia;o__Clostridiales;f__Lachnospiraceae;g__Coprococcus,k__Bacteria;p__Firmicutes;c__Clostridia;o__Clostridiales;f__[Mogibacteriaceae];g__,k__Bacteria;p__Firmicutes;c__Clostridia;o__Clostridiales;f__Clostridiaceae;g__SMB53,k__Bacteria;p__Firmicutes;c__Clostridia;o__Clostridiales;f__Lachnospiraceae;g__,k__Bacteria;p__Firmicutes;c__Clostridia;o__Clostridiales;f__Lachnospiraceae;g__Roseburia,k__Bacteria;p__Firmicutes;c__Clostridia;o__Clostridiales;f__Lachnospiraceae;g__Clostridium,k__Bacteria;p__Proteobacteria;c__Gammaproteobacteria;o__Enterobacteriales;f__Enterobacteriaceae;g__Enterobacter,k__Bacteria;p__Proteobacteria;c__Gammaproteobacteria;o__Enterobacteriales;f__Enterobacteriaceae;g__Klebsiella,k__Bacteria;p__Actinobacteria;c__Actinobacteria;o__Bifidobacteriales;f__Bifidobacteriaceae;g__Bifidobacterium,k__Bacteria;p__Firmicutes;c__Clostridia;o__Clostridiales;f__Clostridiaceae;g__Clostridium,k__Bacteria;p__Firmicutes;c__Clostridia;o__Clostridiales;f__Clostridiaceae;g__,k__Bacteria;p__Firmicutes;c__Clostridia;o__Clostridiales;f__Lachnospiraceae;g__Blautia,k__Bacteria;p__Firmicutes;c__Clostridia;o__Clostridiales;f__Lachnospiraceae;g__[Ruminococcus],k__Bacteria;p__Firmicutes;c__Clostridia;o__Clostridiales;f__Lachnospiraceae;g__Lachnobacterium,k__Bacteria;p__Proteobacteria;c__Deltaproteobacteria;o__Desulfovibrionales;f__Desulfovibrionaceae;g__Desulfovibrio,k__Bacteria;p__Proteobacteria;c__Deltaproteobacteria;o__Desulfovibrionales;f__Desulfovibrionaceae;g__Bilophila,k__Bacteria;p__Firmicutes;c__Clostridia;o__Clostridiales;f__Ruminococcaceae;g__Butyricicoccus,k__Bacteria;p__Proteobacteria;c__Gammaproteobacteria;o__Pasteurellales;f__Pasteurellaceae;g__Haemophilus,k__Bacteria;p__Proteobacteria;c__Alphaproteobacteria;o__Sphingomonadales;f__Sphingomonadaceae;g__Sphingomonas,k__Bacteria;p__Firmicutes;c__Clostridia;o__Clostridiales;f__Lachnospiraceae;g__Butyrivibrio,k__Bacteria;p__Proteobacteria;c__Alphaproteobacteria;o__Rickettsiales;f__;g__,k__Bacteria;p__Firmicutes;c__Clostridia;o__Clostridiales;f__Ruminococcaceae;g__Oscillospira,k__Bacteria;p__Firmicutes;c__Clostridia;o__Clostridiales;f__Veillonellaceae;g__Dialister,k__Bacteria;p__Firmicutes;c__Clostridia;o__Clostridiales;f__Veillonellaceae;g__Megasphaera,k__Bacteria;p__Firmicutes;c__Clostridia;o__Clostridiales;f__Veillonellaceae;g__Phascolarctobacterium,k__Bacteria;p__Firmicutes;c__Clostridia;o__Clostridiales;f__Veillonellaceae;g__Acidaminococcus,k__Bacteria;p__Firmicutes;c__Clostridia;o__Clostridiales;f__Veillonellaceae;g__Veillonella,k__Bacteria;p__Firmicutes;c__Clostridia;o__Clostridiales;f__Veillonellaceae;g__Megamonas,k__Bacteria;p__Firmicutes;c__Clostridia;o__Clostridiales;f__Veillonellaceae;g__Selenomonas,k__Bacteria;p__Firmicutes;c__Clostridia;o__Clostridiales;f__Peptococcaceae;g__,k__Bacteria;p__Firmicutes;c__Clostridia;o__Clostridiales;f__Veillonellaceae;g__Mitsuokella,k__Bacteria;p__Actinobacteria;c__Coriobacteriia;o__Coriobacteriales;f__Coriobacteriaceae;g__Olsenella,k__Bacteria;p__Actinobacteria;c__Coriobacteriia;o__Coriobacteriales;f__Coriobacteriaceae;__,k__Bacteria;p__Actinobacteria;c__Coriobacteriia;o__Coriobacteriales;f__Coriobacteriaceae;g__,k__Bacteria;p__Actinobacteria;c__Coriobacteriia;o__Coriobacteriales;f__Coriobacteriaceae;g__Collinsella,k__Bacteria;p__Actinobacteria;c__Coriobacteriia;o__Coriobacteriales;f__Coriobacteriaceae;g__Eggerthella,k__Bacteria;p__Actinobacteria;c__Coriobacteriia;o__Coriobacteriales;f__Coriobacteriaceae;g__Slackia,k__Bacteria;p__Proteobacteria;c__Betaproteobacteria;o__Burkholderiales;f__Comamonadaceae;g__Comamonas,k__Bacteria;p__Proteobacteria;c__Betaproteobacteria;o__Burkholderiales;f__Burkholderiaceae;g__Burkholderia,k__Bacteria;p__Elusimicrobia;c__Elusimicrobia;o__Elusimicrobiales;f__Elusimicrobiaceae;g__,k__Bacteria;p__Proteobacteria;c__Betaproteobacteria;o__Burkholderiales;f__Comamonadaceae;g__Pelomonas,k__Bacteria;p__Proteobacteria;c__Betaproteobacteria;o__Burkholderiales;f__Alcaligenaceae;g__Sutterella,k__Bacteria;p__Proteobacteria;c__Betaproteobacteria;o__Burkholderiales;f__Oxalobacteraceae;g__Oxalobacter,k__Bacteria;p__Proteobacteria;c__Betaproteobacteria;o__Neisseriales;f__Neisseriaceae;__,k__Bacteria;p__Firmicutes;c__Clostridia;o__Clostridiales;f__Ruminococcaceae;g__Anaerotruncus,k__Bacteria;p__Firmicutes;c__Clostridia;o__Clostridiales;f__Ruminococcaceae;g__Gemmiger,k__Bacteria;p__Tenericutes;c__Mollicutes;o__RF39;f__;g__,k__Bacteria;p__Verrucomicrobia;c__Opitutae;o__[Cerasicoccales];f__[Cerasicoccaceae];g__,k__Bacteria;p__OD1;__;__;__;__,Unassigned;__;__;__;__;__,k__Bacteria;p__;c__;o__;f__;g__,Status
SRR35933485,10717.0,1429.0,9842.0,10419.0,0.0,0.0,0.0,83.0,74.0,0.0,0.0,0.0,0.0,0.0,0.0,0.0,6.0,0.0,0.0,25.0,0.0,22.0,0.0,0.0,170.0,0.0,281.0,0.0,0.0,279.0,112.0,372.0,3057.0,0.0,2.0,136.0,236.0,0.0,82.0,0.0,0.0,0.0,0.0,540.0,0.0,0.0,0.0,30.0,453.0,33.0,71.0,139.0,96.0,4.0,0.0,695.0,207.0,0.0,0.0,0.0,0.0,70.0,0.0,0.0,0.0,0.0,0.0,5.0,14.0,0.0,0.0,0.0,510.0,744.0,203.0,27.0,0.0,0.0,0.0,1654.0,0.0,22.0,0.0,0.0,0.0,0.0,2.0,0.0,0.0,0.0,0.0,0.0,0.0,30.0,0.0,0.0,0.0,207.0,54.0,0.0,230.0,0.0,1546.0,Healthy_Control
SRR35933486,4067.0,2545.0,8934.0,8.0,0.0,0.0,0.0,11.0,6.0,12.0,0.0,0.0,3.0,0.0,0.0,0.0,18.0,0.0,0.0,0.0,89.0,0.0,27.0,0.0,0.0,0.0,118.0,0.0,0.0,13.0,0.0,815.0,5876.0,0.0,0.0,0.0,22.0,0.0,0.0,0.0,0.0,0.0,0.0,23.0,0.0,0.0,0.0,592.0,25.0,25.0,309.0,249.0,65.0,0.0,0.0,358.0,358.0,0.0,0.0,0.0,543.0,0.0,0.0,7.0,0.0,0.0,0.0,0.0,18.0,7.0,0.0,45.0,0.0,155.0,325.0,1231.0,0.0,0.0,0.0,17.0,0.0,0.0,0.0,0.0,0.0,4.0,19.0,0.0,0.0,0.0,0.0,116.0,0.0,190.0,0.0,0.0,0.0,112.0,0.0,0.0,1154.0,0.0,248.0,Breast_Cancer
SRR35933487,10490.0,1879.0,10710.0,8066.0,0.0,0.0,0.0,78.0,0.0,27.0,0.0,0.0,0.0,0.0,0.0,0.0,227.0,0.0,0.0,14.0,309.0,0.0,0.0,52.0,1.0,0.0,34.0,156.0,0.0,17.0,222.0,0.0,8330.0,0.0,0.0,0.0,0.0,0.0,0.0,0.0,0.0,0.0,0.0,0.0,0.0,14.0,0.0,0.0,39.0,18.0,20.0,11.0,18.0,0.0,0.0,85.0,295.0,0.0,0.0,0.0,32.0,0.0,0.0,0.0,0.0,0.0,11.0,4.0,0.0,0.0,0.0,0.0,0.0,63.0,766.0,257.0,0.0,40.0,4.0,0.0,17.0,0.0,437.0,0.0,0.0,23.0,59.0,0.0,0.0,0.0,0.0,234.0,0.0,40.0,0.0,11.0,0.0,0.0,4.0,0.0,80.0,0.0,12.0,Healthy_Control
SRR35933488,15547.0,3384.0,7373.0,125.0,0.0,0.0,0.0,8.0,0.0,173.0,0.0,0.0,22.0,0.0,0.0,17.0,0.0,0.0,0.0,0.0,0.0,0.0,0.0,0.0,0.0,0.0,0.0,0.0,0.0,0.0,0.0,5584.0,0.0,0.0,0.0,0.0,0.0,0.0,0.0,5.0,0.0,0.0,0.0,0.0,0.0,0.0,0.0,19.0,0.0,60.0,683.0,378.0,114.0,0.0,0.0,382.0,766.0,0.0,2.0,0.0,437.0,38.0,0.0,261.0,0.0,0.0,0.0,0.0,34.0,6.0,0.0,0.0,0.0,53.0,351.0,0.0,0.0,196.0,15.0,120.0,0.0,0.0,369.0,0.0,19.0,20.0,19.0,0.0,0.0,0.0,0.0,0.0,0.0,433.0,0.0,0.0,0.0,465.0,0.0,0.0,2767.0,0.0,200.0,Breast_Cancer
SRR35933489,7158.0,814.0,6925.0,2278.0,0.0,0.0,0.0,13.0,31.0,0.0,0.0,0.0,30.0,0.0,0.0,0.0,0.0,0.0,0.0,8.0,1609.0,0.0,0.0,1.0,0.0,130.0,97.0,0.0,0.0,143.0,0.0,44.0,5814.0,0.0,0.0,0.0,2.0,0.0,6.0,36.0,15.0,0.0,15.0,2.0,0.0,0.0,0.0,81.0,138.0,8.0,130.0,85.0,22.0,17.0,0.0,413.0,325.0,0.0,864.0,0.0,0.0,0.0,0.0,0.0,0.0,0.0,0.0,3.0,14.0,14.0,0.0,0.0,0.0,323.0,686.0,96.0,0.0,0.0,0.0,7.0,0.0,0.0,26.0,0.0,0.0,6.0,0.0,0.0,0.0,8.0,0.0,0.0,0.0,89.0,0.0,0.0,0.0,16.0,0.0,22.0,67.0,0.0,102.0,Healthy_Control
SRR35933490,5597.0,422.0,5416.0,4632.0,0.0,531.0,0.0,7.0,0.0,24.0,0.0,0.0,19.0,0.0,0.0,0.0,7.0,0.0,0.0,0.0,0.0,0.0,0.0,0.0,0.0,0.0,0.0,0.0,0.0,13.0,187.0,0.0,5196.0,0.0,0.0,0.0,0.0,0.0,0.0,0.0,0.0,0.0,0.0,0.0,0.0,0.0,0.0,0.0,12.0,0.0,20.0,11.0,30.0,0.0,0.0,34.0,164.0,0.0,0.0,85.0,0.0,0.0,0.0,4.0,6.0,0.0,0.0,0.0,0.0,0.0,0.0,0.0,0.0,11.0,452.0,236.0,0.0,3.0,303.0,0.0,0.0,0.0,0.0,7.0,63.0,0.0,3.0,0.0,0.0,0.0,0.0,0.0,0.0,0.0,0.0,0.0,0.0,10.0,0.0,0.0,5.0,0.0,255.0,Breast_Cancer
SRR35933491,8985.0,4387.0,15229.0,113.0,0.0,0.0,8.0,8.0,0.0,0.0,0.0,0.0,28.0,0.0,0.0,87.0,0.0,0.0,0.0,0.0,0.0,0.0,0.0,0.0,0.0,0.0,0.0,0.0,0.0,17.0,0.0,10509.0,0.0,0.0,0.0,0.0,0.0,0.0,0.0,0.0,0.0,0.0,0.0,0.0,0.0,0.0,0.0,0.0,5.0,72.0,1518.0,678.0,314.0,0.0,0.0,555.0,1970.0,0.0,0.0,19.0,250.0,85.0,0.0,462.0,74.0,0.0,0.0,0.0,83.0,11.0,0.0,0.0,0.0,67.0,1166.0,0.0,0.0,0.0,0.0,0.0,0.0,0.0,0.0,0.0,0.0,0.0,57.0,0.0,0.0,0.0,0.0,0.0,0.0,1445.0,0.0,0.0,0.0,1273.0,0.0,0.0,307.0,0.0,31.0,Healthy_Control
SRR35933492,25519.0,729.0,4437.0,4195.0,0.0,0.0,13.0,266.0,0.0,111.0,159.0,32.0,7365.0,0.0,0.0,0.0,308.0,0.0,121.0,941.0,0.0,0.0,0.0,0.0,0.0,0.0,116.0,0.0,0.0,7.0,0.0,0.0,25.0,0.0,0.0,0.0,0.0,0.0,0.0,0.0,0.0,0.0,0.0,0.0,0.0,0.0,0.0,0.0,74.0,355.0,50.0,94.0,2229.0,0.0,0.0,0.0,147.0,0.0,77.0,4985.0,17.0,7.0,0.0,240.0,124.0,29.0,0.0,0.0,34.0,1783.0,2.0,0.0,0.0,12.0,949.0,1655.0,0.0,0.0,1212.0,36.0,0.0,0.0,119.0,0.0,0.0,43.0,199.0,0.0,18.0,0.0,0.0,0.0,0.0,76.0,0.0,0.0,0.0,9.0,0.0,0.0,225.0,0.0,0.0,Breast_Cancer
SRR35933493,16839.0,626.0,15027.0,631.0,0.0,11319.0,0.0,158.0,25.0,2.0,0.0,0.0,304.0,23.0,0.0,0.0,271.0,0.0,0.0,9.0,0.0,0.0,0.0,0.0,0.0,0.0,115.0,0.0,0.0,175.0,1620.0,46.0,9600.0,0.0,9.0,0.0,27.0,3.0,27.0,3.0,3.0,0.0,0.0,0.0,1875.0,0.0,0.0,126.0,391.0,45.0,104.0,417.0,544.0,19.0,0.0,317.0,2127.0,0.0,0.0,445.0,0.0,0.0,0.0,200.0,14.0,0.0,0.0,0.0,32.0,0.0,0.0,0.0,0.0,437.0,0.0,35.0,0.0,0.0,0.0,0.0,0.0,0.0,0.0,0.0,0.0,53.0,25.0,0.0,0.0,41.0,9.0,0.0,0.0,276.0,0.0,0.0,0.0,50.0,42.0,0.0,201.0,0.0,1063.0,Healthy_Control
SRR35933494,8950.0,3854.0,17394.0,511.0,0.0,0.0,0.0,452.0,149.0,24.0,0.0,0.0,0.0,0.0,0.0,0.0,0.0,4.0,0.0,43.0,430.0,0.0,0.0,0.0,0.0,7.0,399.0,0.0,1368.0,713.0,0.0,2457.0,3495.0,1562.0,73.0,69.0,125.0,0.0,82.0,0.0,0.0,0.0,0.0,305.0,0.0,0.0,0.0,1783.0,177.0,22.0,204.0,844.0,650.0,0.0,0.0,422.0,980.0,0.0,0.0,325.0,19.0,0.0,0.0,50.0,11.0,0.0,0.0,13.0,47.0,0.0,0.0,0.0,0.0,1138.0,1403.0,0.0,0.0,0.0,0.0,165.0,0.0,24.0,0.0,0.0,0.0,0.0,25.0,0.0,21.0,0.0,7.0,0.0,0.0,81.0,0.0,0.0,0.0,291.0,472.0,471.0,378.0,0.0,104.0,Breast_Cancer
SRR35933495,40707.0,12545.0,25077.0,1570.0,0.0,0.0,0.0,19.0,39.0,0.0,0.0,0.0,0.0,38.0,0.0,5.0,0.0,0.0,0.0,0.0,0.0,0.0,0.0,0.0,0.0,0.0,32.0,0.0,0.0,44.0,2868.0,29.0,10227.0,0.0,0.0,12.0,10.0,0.0,0.0,0.0,0.0,0.0,0.0,0.0,0.0,0.0,0.0,48.0,110.0,27.0,1068.0,252.0,177.0,0.0,0.0,310.0,557.0,0.0,0.0,117.0,0.0,199.0,27.0,5.0,12.0,0.0,0.0,17.0,41.0,16.0,0.0,0.0,0.0,139.0,0.0,0.0,602.0,0.0,18.0,166.0,0.0,0.0,15.0,0.0,0.0,0.0,6.0,0.0,0.0,0.0,0.0,0.0,0.0,150.0,0.0,0.0,0.0,289.0,0.0,0.0,347.0,0.0,288.0,Healthy_Control
SRR35933496,5853.0,1539.0,9891.0,103.0,0.0,0.0,0.0,0.0,90.0,87.0,0.0,0.0,0.0,0.0,0.0,0.0,0.0,0.0,0.0,0.0,0.0,0.0,869.0,166.0,0.0,16.0,41.0,0.0,0.0,565.0,0.0,846.0,1501.0,0.0,1.0,42.0,312.0,0.0,85.0,11.0,0.0,0.0,32.0,223.0,0.0,0.0,0.0,5.0,222.0,63.0,26.0,166.0,60.0,0.0,0.0,164.0,890.0,12.0,0.0,31.0,170.0,23.0,0.0,182.0,7.0,0.0,0.0,40.0,72.0,0.0,0.0,0.0,0.0,656.0,2320.0,1232.0,0.0,254.0,0.0,29.0,0.0,0.0,0.0,0.0,0.0,130.0,210.0,0.0,0.0,0.0,0.0,0.0,0.0,313.0,0.0,0.0,0.0,226.0,0.0,0.0,182.0,0.0,100.0,Breast_Cancer
SRR35933497,8227.0,513.0,15160.0,192.0,0.0,1140.0,0.0,161.0,114.0,305.0,0.0,0.0,263.0,0.0,0.0,0.0,14.0,0.0,0.0,13.0,1.0,0.0,36.0,782.0,0.0,51.0,577.0,0.0,0.0,533.0,351.0,427.0,9116.0,0.0,14.0,9.0,66.0,0.0,49.0,0.0,0.0,0.0,0.0,0.0,0.0,0.0,11.0,6.0,863.0,49.0,204.0,888.0,422.0,20.0,0.0,208.0,995.0,0.0,12.0,46.0,0.0,3.0,0.0,209.0,0.0,0.0,9.0,37.0,44.0,486.0,0.0,912.0,0.0,1445.0,1272.0,0.0,0.0,0.0,5.0,0.0,0.0,0.0,0.0,0.0,0.0,11.0,46.0,0.0,0.0,0.0,0.0,0.0,0.0,80.0,16.0,0.0,0.0,96.0,651.0,0.0,404.0,0.0,99.0,Healthy_Control
SRR35933498,5379.0,10042.0,26369.0,270.0,0.0,0.0,0.0,0.0,16.0,12.0,0.0,0.0,11.0,0.0,0.0,0.0,231.0,0.0,0.0,27.0,0.0,0.0,102.0,23.0,0.0,0.0,11.0,0.0,0.0,64.0,0.0,137.0,14051.0,12.0,0.0,0.0,17.0,0.0,7.0,0.0,0.0,0.0,6.0,26.0,0.0,0.0,0.0,6.0,57.0,27.0,201.0,235.0,34.0,0.0,0.0,260.0,998.0,0.0,231.0,0.0,23.0,3502.0,134.0,160.0,7.0,0.0,0.0,5.0,74.0,7.0,6.0,0.0,0.0,147.0,471.0,179.0,0.0,18.0,5.0,123.0,0.0,0.0,9.0,0.0,0.0,28.0,105.0,0.0,0.0,0.0,0.0,0.0,0.0,1279.0,0.0,0.0,0.0,335.0,0.0,0.0,3293.0,0.0,164.0,Breast_Cancer
SRR35933499,10749.0,3621.0,25388.0,106.0,0.0,4.0,0.0,46.0,0.0,7.0,0.0,0.0,0.0,0.0,0.0,0.0,25.0,0.0,0.0,19.0,380.0,0.0,5282.0,0.0,0.0,5.0,1013.0,0.0,0.0,37.0,0.0,4.0,13566.0,18.0,0.0,0.0,0.0,0.0,0.0,0.0,0.0,0.0,0.0,0.0,0.0,0.0,0.0,5.0,11.0,115.0,619.0,1089.0,167.0,0.0,0.0,494.0,913.0,0.0,26.0,0.0,0.0,0.0,0.0,203.0,28.0,37.0,0.0,4.0,100.0,0.0,0.0,0.0,0.0,104.0,6818.0,0.0,0.0,0.0,0.0,16.0,0.0,0.0,0.0,0.0,0.0,23.0,72.0,0.0,5.0,0.0,0.0,0.0,0.0,94.0,0.0,0.0,0.0,145.0,92.0,0.0,0.0,0.0,230.0,Healthy_Control
SRR35933500,11745.0,597.0,10318.0,5050.0,0.0,0.0,0.0,0.0,41.0,0.0,0.0,0.0,0.0,0.0,0.0,0.0,42.0,0.0,0.0,0.0,3492.0,0.0,337.0,0.0,0.0,0.0,0.0,0.0,0.0,91.0,0.0,173.0,8559.0,53.0,0.0,0.0,89.0,0.0,6.0,35.0,0.0,0.0,0.0,6.0,0.0,0.0,0.0,38.0,147.0,36.0,0.0,275.0,71.0,10.0,0.0,148.0,1308.0,0.0,0.0,288.0,0.0,0.0,0.0,67.0,0.0,0.0,42.0,6.0,0.0,0.0,0.0,0.0,0.0,388.0,1978.0,0.0,0.0,0.0,0.0,326.0,0.0,0.0,0.0,0.0,0.0,3.0,111.0,0.0,0.0,0.0,0.0,0.0,0.0,26.0,0.0,0.0,0.0,120.0,0.0,0.0,181.0,0.0,384.0,Breast_Cancer
SRR35933501,2147.0,2739.0,21890.0,148.0,0.0,0.0,0.0,7.0,0.0,2.0,0.0,0.0,6.0,0.0,0.0,0.0,0.0,0.0,0.0,0.0,0.0,0.0,8688.0,0.0,0.0,0.0,0.0,0.0,1988.0,9.0,0.0,1836.0,0.0,0.0,0.0,24.0,176.0,0.0,151.0,40.0,0.0,0.0,0.0,0.0,0.0,0.0,0.0,907.0,27.0,2.0,31.0,0.0,0.0,0.0,0.0,47.0,1019.0,17.0,22.0,82.0,0.0,0.0,0.0,126.0,0.0,0.0,0.0,11.0,0.0,0.0,0.0,0.0,0.0,3.0,0.0,121.0,0.0,33.0,0.0,188.0,0.0,0.0,0.0,0.0,0.0,0.0,0.0,6.0,0.0,0.0,0.0,0.0,0.0,195.0,0.0,0.0,6.0,0.0,0.0,0.0,62.0,0.0,25.0,Healthy_Control
SRR35933502,6481.0,287.0,15784.0,14.0,0.0,0.0,0.0,244.0,562.0,0.0,0.0,0.0,0.0,0.0,0.0,0.0,71.0,0.0,0.0,23.0,505.0,0.0,0.0,0.0,0.0,0.0,171.0,0.0,0.0,392.0,8.0,80.0,1220.0,1817.0,0.0,0.0,0.0,0.0,0.0,0.0,0.0,0.0,0.0,0.0,164.0,5930.0,0.0,94.0,507.0,84.0,32.0,410.0,303.0,32.0,0.0,204.0,150.0,0.0,0.0,0.0,443.0,0.0,0.0,42.0,11.0,0.0,0.0,56.0,14.0,0.0,0.0,0.0,0.0,1261.0,2175.0,0.0,0.0,0.0,0.0,0.0,0.0,0.0,0.0,0.0,0.0,3.0,0.0,0.0,3.0,0.0,0.0,0.0,0.0,1089.0,0.0,0.0,0.0,41.0,938.0,0.0,55.0,0.0,28.0,Breast_Cancer
SRR35933503,49144.0,6863.0,16207.0,0.0,0.0,0.0,16.0,17.0,60.0,0.0,0.0,0.0,0.0,0.0,0.0,0.0,0.0,0.0,0.0,0.0,0.0,0.0,0.0,0.0,0.0,0.0,29.0,0.0,1808.0,32.0,0.0,3994.0,0.0,0.0,26.0,0.0,1695.0,0.0,137.0,0.0,0.0,0.0,0.0,377.0,0.0,0.0,0.0,588.0,162.0,0.0,146.0,318.0,35.0,0.0,0.0,159.0,2142.0,20.0,0.0,0.0,247.0,72.0,0.0,285.0,0.0,0.0,0.0,112.0,118.0,0.0,0.0,0.0,0.0,591.0,1530.0,0.0,0.0,0.0,4.0,103.0,0.0,10.0,0.0,0.0,0.0,0.0,145.0,0.0,0.0,0.0,0.0,0.0,0.0,787.0,0.0,0.0,23.0,156.0,0.0,0.0,43.0,0.0,15.0,Healthy_Control
SRR35933504,10453.0,4580.0,17190.0,431.0,0.0,0.0,0.0,4.0,25.0,17.0,0.0,0.0,69.0,0.0,0.0,919.0,0.0,0.0,0.0,0.0,0.0,0.0,217.0,0.0,0.0,8.0,1178.0,0.0,141.0,84.0,12.0,576.0,7874.0,13.0,0.0,0.0,98.0,0.0,9.0,64.0,0.0,6.0,0.0,4.0,0.0,21.0,0.0,184.0,95.0,302.0,373.0,1805.0,2063.0,0.0,0.0,438.0,592.0,0.0,43.0,129.0,22.0,211.0,0.0,1255.0,12.0,0.0,8.0,15.0,137.0,0.0,0.0,0.0,0.0,178.0,131.0,0.0,0.0,0.0,0.0,201.0,0.0,0.0,0.0,0.0,0.0,64.0,234.0,0.0,22.0,0.0,0.0,0.0,0.0,198.0,0.0,0.0,0.0,930.0,511.0,0.0,475.0,0.0,256.0,Breast_Cancer
SRR35933505,14261.0,1050.0,21979.0,3816.0,0.0,0.0,6.0,137.0,52.0,17.0,0.0,10.0,68.0,0.0,0.0,68.0,656.0,0.0,0.0,488.0,0.0,0.0,18.0,0.0,0.0,0.0,238.0,0.0,0.0,63.0,0.0,35.0,14587.0,58.0,0.0,0.0,0.0,0.0,0.0,0.0,0.0,0.0,0.0,0.0,0.0,0.0,5.0,5297.0,160.0,27.0,328.0,1034.0,264.0,11.0,251.0,427.0,2383.0,0.0,96.0,337.0,0.0,101.0,85.0,208.0,64.0,0.0,0.0,0.0,65.0,26.0,0.0,696.0,0.0,101.0,1172.0,0.0,0.0,0.0,19.0,0.0,0.0,6.0,0.0,0.0,0.0,68.0,50.0,0.0,0.0,5.0,0.0,0.0,0.0,49.0,0.0,0.0,0.0,590.0,509.0,0.0,149.0,0.0,376.0,Healthy_Control
SRR35933506,11005.0,327.0,19935.0,726.0,0.0,0.0,0.0,132.0,169.0,20.0,0.0,0.0,4.0,11.0,0.0,3.0,151.0,0.0,0.0,0.0,0.0,0.0,2.0,0.0,0.0,0.0,251.0,0.0,0.0,205.0,0.0,162.0,16277.0,0.0,0.0,7.0,0.0,0.0,38.0,0.0,0.0,0.0,0.0,14.0,0.0,1103.0,0.0,421.0,243.0,48.0,659.0,1476.0,170.0,0.0,0.0,2612.0,1601.0,0.0,17.0,198.0,0.0,232.0,135.0,149.0,31.0,0.0,1011.0,0.0,138.0,8.0,0.0,0.0,0.0,1630.0,0.0,0.0,1177.0,0.0,0.0,0.0,0.0,0.0,0.0,0.0,0.0,0.0,26.0,0.0,7.0,6.0,0.0,0.0,0.0,338.0,0.0,0.0,0.0,52.0,0.0,7.0,299.0,0.0,229.0,Breast_Cancer
SRR35933507,33415.0,8231.0,25847.0,555.0,0.0,0.0,0.0,58.0,95.0,11.0,0.0,0.0,0.0,0.0,0.0,1.0,0.0,0.0,0.0,70.0,17.0,0.0,14.0,4.0,16.0,0.0,51.0,0.0,0.0,53.0,0.0,604.0,19148.0,0.0,12.0,17.0,194.0,0.0,52.0,0.0,0.0,0.0,0.0,0.0,0.0,0.0,0.0,136.0,54.0,31.0,300.0,165.0,98.0,0.0,0.0,361.0,1422.0,0.0,333.0,46.0,27.0,46.0,0.0,66.0,0.0,185.0,0.0,0.0,39.0,4.0,0.0,0.0,0.0,166.0,1388.0,100.0,289.0,0.0,0.0,0.0,0.0,3.0,0.0,0.0,0.0,0.0,29.0,0.0,0.0,0.0,0.0,0.0,0.0,486.0,0.0,0.0,0.0,261.0,6.0,0.0,104.0,0.0,95.0,Healthy_Control
SRR35933508,5387.0,4520.0,19496.0,309.0,0.0,0.0,0.0,12.0,15.0,68.0,0.0,0.0,0.0,0.0,0.0,6.0,53.0,0.0,0.0,0.0,0.0,3.0,0.0,0.0,0.0,0.0,13.0,0.0,0.0,59.0,963.0,41.0,9869.0,0.0,0.0,12.0,0.0,0.0,44.0,9.0,0.0,0.0,0.0,0.0,0.0,0.0,32.0,53.0,56.0,68.0,897.0,168.0,749.0,0.0,0.0,501.0,310.0,0.0,94.0,14.0,216.0,0.0,93.0,40.0,0.0,38.0,0.0,0.0,39.0,0.0,0.0,0.0,0.0,241.0,4374.0,385.0,0.0,0.0,33.0,16.0,0.0,0.0,0.0,0.0,0.0,26.0,87.0,0.0,8.0,0.0,0.0,0.0,0.0,1630.0,0.0,0.0,0.0,104.0,0.0,0.0,54.0,0.0,662.0,Breast_Cancer
SRR35933509,19562.0,1281.0,7931.0,0.0,11741.0,90.0,0.0,199.0,49.0,171.0,0.0,20.0,35.0,0.0,0.0,0.0,575.0,0.0,16.0,586.0,66.0,0.0,0.0,99.0,0.0,0.0,48.0,0.0,0.0,272.0,76.0,0.0,4843.0,11.0,0.0,0.0,0.0,0.0,0.0,0.0,0.0,0.0,0.0,0.0,0.0,165.0,0.0,138.0,257.0,473.0,60.0,583.0,152.0,24.0,9.0,46.0,584.0,0.0,19.0,0.0,10.0,10.0,132.0,886.0,41.0,0.0,0.0,0.0,0.0,0.0,0.0,0.0,0.0,152.0,559.0,713.0,22.0,0.0,0.0,0.0,102.0,7.0,249.0,274.0,0.0,156.0,328.0,0.0,5.0,0.0,0.0,0.0,0.0,105.0,0.0,0.0,0.0,415.0,57.0,0.0,77.0,0.0,47.0,Healthy_Control
SRR35933510,11406.0,3090.0,10641.0,106.0,0.0,0.0,0.0,11.0,0.0,0.0,0.0,0.0,128.0,13.0,0.0,0.0,0.0,0.0,0.0,0.0,0.0,0.0,0.0,0.0,0.0,0.0,0.0,0.0,0.0,15.0,444.0,0.0,7558.0,0.0,0.0,0.0,0.0,0.0,0.0,0.0,0.0,0.0,0.0,0.0,0.0,0.0,0.0,0.0,11.0,1.0,67.0,28.0,8.0,0.0,0.0,99.0,4306.0,0.0,0.0,5.0,0.0,34.0,0.0,0.0,0.0,0.0,0.0,0.0,0.0,0.0,3.0,0.0,0.0,21.0,914.0,0.0,0.0,0.0,0.0,0.0,0.0,0.0,19.0,0.0,0.0,0.0,6.0,0.0,0.0,0.0,21.0,0.0,0.0,75.0,0.0,0.0,0.0,18.0,0.0,0.0,63.0,0.0,63.0,Breast_Cancer
SRR35933511,7004.0,9685.0,24581.0,25.0,0.0,0.0,0.0,0.0,11.0,35.0,0.0,0.0,35.0,0.0,0.0,0.0,86.0,0.0,0.0,8.0,0.0,0.0,0.0,16.0,0.0,0.0,22.0,0.0,0.0,0.0,569.0,0.0,16481.0,18.0,0.0,0.0,0.0,0.0,0.0,0.0,0.0,0.0,0.0,0.0,0.0,0.0,0.0,37.0,47.0,55.0,246.0,282.0,29.0,4.0,0.0,451.0,493.0,0.0,0.0,0.0,113.0,0.0,0.0,44.0,0.0,0.0,0.0,7.0,0.0,10.0,5.0,0.0,0.0,89.0,2617.0,0.0,0.0,0.0,12.0,118.0,0.0,0.0,343.0,0.0,0.0,32.0,75.0,0.0,0.0,0.0,14.0,0.0,0.0,456.0,0.0,0.0,0.0,185.0,0.0,0.0,8.0,0.0,260.0,Healthy_Control
SRR35933512,43336.0,9773.0,17910.0,9.0,0.0,0.0,0.0,0.0,0.0,0.0,0.0,0.0,0.0,0.0,0.0,0.0,0.0,0.0,0.0,13.0,0.0,0.0,0.0,0.0,0.0,0.0,20.0,0.0,0.0,0.0,1169.0,54.0,6597.0,0.0,0.0,0.0,5.0,0.0,6.0,3.0,0.0,0.0,0.0,0.0,0.0,0.0,0.0,8.0,90.0,11.0,75.0,59.0,0.0,0.0,0.0,155.0,2325.0,14.0,0.0,18.0,22.0,0.0,33.0,0.0,0.0,0.0,0.0,5.0,15.0,0.0,0.0,0.0,0.0,28.0,928.0,0.0,0.0,0.0,0.0,0.0,0.0,0.0,1139.0,0.0,0.0,0.0,0.0,7.0,0.0,0.0,0.0,0.0,0.0,472.0,0.0,0.0,0.0,117.0,0.0,0.0,12.0,0.0,0.0,Breast_Cancer
SRR35933513,5044.0,6011.0,25854.0,22.0,0.0,0.0,0.0,17.0,17.0,357.0,0.0,0.0,268.0,0.0,0.0,4.0,133.0,0.0,0.0,0.0,0.0,0.0,0.0,0.0,0.0,0.0,0.0,0.0,0.0,21.0,0.0,133.0,14607.0,0.0,0.0,0.0,23.0,0.0,0.0,0.0,0.0,0.0,0.0,0.0,0.0,0.0,0.0,83.0,20.0,107.0,1888.0,310.0,111.0,0.0,0.0,630.0,1433.0,0.0,0.0,0.0,324.0,61.0,27.0,107.0,0.0,0.0,0.0,0.0,8.0,25.0,0.0,0.0,0.0,152.0,1703.0,406.0,0.0,0.0,138.0,335.0,0.0,0.0,0.0,0.0,0.0,32.0,40.0,0.0,0.0,0.0,0.0,0.0,0.0,499.0,0.0,0.0,0.0,132.0,0.0,0.0,171.0,0.0,1496.0,Healthy_Control
SRR35933514,15475.0,909.0,13480.0,423.0,0.0,0.0,3.0,84.0,0.0,523.0,0.0,53.0,136.0,24.0,0.0,107.0,0.0,0.0,0.0,0.0,12.0,0.0,0.0,0.0,0.0,0.0,3376.0,0.0,0.0,53.0,17.0,146.0,5742.0,0.0,0.0,0.0,0.0,0.0,0.0,5.0,0.0,0.0,0.0,0.0,0.0,0.0,0.0,2833.0,0.0,257.0,105.0,1130.0,1151.0,0.0,8.0,282.0,1941.0,0.0,0.0,20.0,894.0,171.0,276.0,2591.0,45.0,0.0,0.0,0.0,92.0,0.0,184.0,0.0,0.0,23.0,445.0,0.0,24.0,0.0,14.0,0.0,0.0,0.0,72.0,0.0,0.0,156.0,777.0,0.0,110.0,0.0,1737.0,0.0,21.0,0.0,0.0,0.0,0.0,724.0,658.0,0.0,107.0,0.0,114.0,Breast_Cancer
SRR35933515,35930.0,5902.0,6501.0,0.0,0.0,0.0,0.0,17.0,0.0,0.0,0.0,0.0,0.0,0.0,0.0,0.0,0.0,0.0,0.0,0.0,0.0,0.0,0.0,0.0,0.0,0.0,0.0,0.0,0.0,0.0,0.0,1212.0,0.0,0.0,0.0,0.0,0.0,0.0,70.0,0.0,0.0,0.0,0.0,11.0,0.0,0.0,0.0,19.0,0.0,0.0,136.0,101.0,18.0,0.0,0.0,85.0,446.0,0.0,0.0,0.0,9.0,22.0,12.0,41.0,0.0,0.0,0.0,0.0,38.0,0.0,0.0,0.0,0.0,18.0,95.0,0.0,3.0,0.0,0.0,0.0,0.0,0.0,0.0,0.0,0.0,0.0,76.0,0.0,0.0,0.0,0.0,0.0,0.0,579.0,0.0,0.0,0.0,9.0,0.0,0.0,1.0,0.0,24.0,Healthy_Control
SRR35933516,54540.0,2574.0,16024.0,0.0,0.0,0.0,0.0,0.0,0.0,12.0,0.0,0.0,0.0,0.0,0.0,0.0,0.0,0.0,0.0,0.0,0.0,0.0,0.0,0.0,0.0,0.0,0.0,0.0,0.0,18.0,0.0,248.0,12813.0,0.0,0.0,0.0,14.0,0.0,4.0,29.0,13.0,0.0,0.0,15.0,0.0,0.0,0.0,11.0,24.0,14.0,221.0,59.0,145.0,0.0,0.0,166.0,256.0,0.0,0.0,0.0,751.0,0.0,0.0,14.0,0.0,0.0,0.0,4.0,31.0,2.0,0.0,0.0,0.0,113.0,319.0,286.0,62.0,0.0,0.0,103.0,0.0,0.0,0.0,0.0,0.0,0.0,34.0,0.0,0.0,0.0,0.0,0.0,0.0,298.0,0.0,0.0,0.0,44.0,0.0,0.0,156.0,0.0,70.0,Breast_Cancer
SRR35933517,28122.0,1152.0,12281.0,12.0,0.0,0.0,0.0,256.0,66.0,0.0,0.0,0.0,0.0,0.0,0.0,0.0,0.0,0.0,0.0,0.0,200.0,0.0,1627.0,27.0,10.0,5.0,118.0,0.0,126.0,270.0,0.0,249.0,47.0,104.0,0.0,18.0,199.0,13.0,50.0,27.0,11.0,0.0,0.0,0.0,4379.0,485.0,0.0,225.0,327.0,35.0,36.0,231.0,193.0,12.0,0.0,161.0,3060.0,0.0,0.0,0.0,6.0,5.0,0.0,102.0,0.0,0.0,0.0,7.0,0.0,0.0,0.0,0.0,0.0,1338.0,755.0,0.0,7.0,0.0,0.0,0.0,0.0,8.0,0.0,0.0,0.0,13.0,0.0,0.0,0.0,0.0,0.0,0.0,0.0,181.0,0.0,0.0,0.0,76.0,0.0,0.0,42.0,22.0,9.0,Healthy_Control
SRR35933518,15146.0,7937.0,20336.0,9.0,0.0,0.0,0.0,197.0,48.0,17.0,0.0,0.0,37.0,2.0,9.0,0.0,5.0,14.0,0.0,3.0,313.0,0.0,0.0,4.0,11.0,0.0,103.0,0.0,0.0,698.0,1245.0,20.0,8401.0,0.0,0.0,0.0,0.0,0.0,0.0,0.0,0.0,0.0,18.0,24.0,0.0,534.0,0.0,117.0,195.0,8.0,156.0,664.0,286.0,0.0,58.0,1067.0,511.0,0.0,0.0,0.0,7.0,61.0,156.0,15.0,6.0,13.0,117.0,0.0,49.0,30.0,0.0,2269.0,0.0,670.0,2658.0,288.0,0.0,0.0,28.0,0.0,0.0,16.0,402.0,0.0,0.0,4.0,6.0,0.0,0.0,0.0,0.0,0.0,0.0,289.0,0.0,0.0,0.0,55.0,35.0,18.0,505.0,0.0,240.0,Breast_Cancer
SRR35933519,18602.0,1496.0,10764.0,498.0,0.0,0.0,0.0,66.0,51.0,0.0,0.0,0.0,6.0,0.0,0.0,0.0,0.0,0.0,0.0,0.0,0.0,0.0,0.0,0.0,23.0,0.0,2258.0,0.0,0.0,110.0,0.0,33.0,981.0,0.0,0.0,0.0,35.0,0.0,0.0,0.0,0.0,0.0,0.0,0.0,0.0,0.0,0.0,100.0,109.0,0.0,0.0,14.0,11.0,0.0,31.0,37.0,48.0,0.0,10.0,27.0,1557.0,56.0,13.0,63.0,0.0,0.0,0.0,99.0,0.0,48.0,0.0,0.0,0.0,205.0,13182.0,1407.0,0.0,0.0,0.0,0.0,0.0,0.0,1520.0,0.0,0.0,15.0,36.0,0.0,0.0,0.0,0.0,0.0,12.0,711.0,0.0,0.0,0.0,227.0,3198.0,0.0,395.0,0.0,31.0,Healthy_Control
SRR35933520,13132.0,2708.0,12651.0,534.0,0.0,0.0,0.0,51.0,25.0,9.0,0.0,0.0,0.0,0.0,0.0,0.0,14.0,0.0,0.0,0.0,34.0,0.0,1213.0,0.0,0.0,13.0,2078.0,0.0,1046.0,62.0,0.0,7594.0,13.0,0.0,41.0,41.0,889.0,0.0,164.0,19.0,0.0,0.0,0.0,0.0,0.0,0.0,396.0,479.0,82.0,20.0,1185.0,1091.0,286.0,0.0,0.0,2133.0,2250.0,0.0,30.0,0.0,0.0,0.0,0.0,75.0,0.0,0.0,0.0,31.0,64.0,24.0,0.0,0.0,0.0,335.0,825.0,45.0,0.0,3.0,0.0,0.0,0.0,9.0,51.0,0.0,0.0,7.0,8.0,0.0,0.0,0.0,0.0,0.0,0.0,1960.0,0.0,0.0,0.0,677.0,31.0,0.0,4102.0,0.0,488.0,Breast_Cancer
SRR35933521,7984.0,10336.0,28160.0,2505.0,0.0,0.0,0.0,124.0,213.0,0.0,0.0,0.0,132.0,0.0,12.0,9.0,0.0,0.0,0.0,21.0,342.0,0.0,718.0,0.0,0.0,0.0,135.0,0.0,0.0,372.0,0.0,483.0,9136.0,882.0,11.0,35.0,26.0,0.0,26.0,0.0,0.0,0.0,38.0,22.0,0.0,0.0,0.0,19.0,294.0,8.0,268.0,950.0,437.0,0.0,0.0,429.0,457.0,0.0,8.0,64.0,32.0,0.0,0.0,114.0,0.0,132.0,0.0,13.0,55.0,0.0,0.0,50.0,0.0,1650.0,889.0,0.0,0.0,0.0,0.0,0.0,0.0,12.0,0.0,0.0,0.0,0.0,9.0,0.0,0.0,0.0,0.0,0.0,0.0,842.0,0.0,0.0,0.0,75.0,246.0,0.0,227.0,0.0,654.0,Healthy_Control
SRR35933522,5570.0,12743.0,28718.0,733.0,0.0,0.0,6.0,48.0,76.0,0.0,0.0,0.0,6.0,0.0,0.0,8.0,0.0,0.0,0.0,0.0,0.0,0.0,0.0,0.0,0.0,0.0,155.0,0.0,0.0,242.0,0.0,2384.0,13480.0,0.0,6.0,0.0,133.0,0.0,53.0,25.0,0.0,0.0,0.0,0.0,0.0,0.0,0.0,31.0,236.0,39.0,192.0,670.0,861.0,16.0,0.0,893.0,1688.0,0.0,0.0,0.0,29.0,0.0,87.0,190.0,0.0,19.0,0.0,10.0,21.0,0.0,0.0,0.0,0.0,411.0,2005.0,13.0,87.0,0.0,0.0,0.0,0.0,68.0,0.0,0.0,0.0,8.0,9.0,0.0,0.0,0.0,0.0,0.0,0.0,161.0,0.0,0.0,0.0,201.0,0.0,0.0,1748.0,0.0,387.0,Breast_Cancer
SRR35933523,10267.0,1141.0,18869.0,0.0,0.0,0.0,0.0,0.0,14.0,55.0,0.0,0.0,0.0,0.0,0.0,0.0,83.0,0.0,0.0,0.0,0.0,0.0,0.0,0.0,0.0,0.0,15.0,0.0,0.0,26.0,0.0,72.0,18251.0,0.0,0.0,0.0,14.0,0.0,13.0,0.0,0.0,0.0,0.0,15.0,0.0,0.0,0.0,58.0,133.0,88.0,128.0,142.0,191.0,0.0,0.0,399.0,468.0,0.0,0.0,0.0,155.0,0.0,0.0,354.0,0.0,0.0,0.0,25.0,13.0,0.0,0.0,0.0,0.0,284.0,3430.0,1622.0,0.0,55.0,0.0,248.0,0.0,0.0,274.0,0.0,0.0,0.0,88.0,0.0,0.0,0.0,0.0,0.0,0.0,1055.0,0.0,0.0,0.0,240.0,0.0,0.0,65.0,0.0,120.0,Healthy_Control
SRR35933524,6642.0,6495.0,10659.0,342.0,0.0,0.0,0.0,15.0,0.0,1394.0,0.0,0.0,13.0,0.0,0.0,0.0,0.0,0.0,0.0,0.0,0.0,0.0,0.0,0.0,0.0,0.0,0.0,0.0,0.0,0.0,0.0,14885.0,0.0,0.0,0.0,0.0,0.0,0.0,0.0,0.0,0.0,0.0,0.0,0.0,0.0,0.0,0.0,4.0,0.0,153.0,561.0,384.0,494.0,0.0,0.0,302.0,429.0,0.0,0.0,12.0,978.0,0.0,0.0,293.0,60.0,0.0,0.0,0.0,91.0,0.0,0.0,0.0,0.0,45.0,220.0,169.0,0.0,0.0,0.0,0.0,0.0,0.0,0.0,0.0,0.0,2.0,47.0,0.0,0.0,0.0,0.0,0.0,0.0,5309.0,0.0,0.0,0.0,297.0,0.0,0.0,12615.0,0.0,552.0,Breast_Cancer
SRR35933525,14734.0,8194.0,14619.0,51.0,0.0,0.0,0.0,43.0,0.0,966.0,0.0,0.0,0.0,0.0,0.0,2.0,0.0,0.0,0.0,0.0,0.0,0.0,0.0,0.0,0.0,0.0,0.0,0.0,0.0,0.0,0.0,2682.0,2062.0,0.0,0.0,0.0,0.0,0.0,52.0,0.0,0.0,0.0,0.0,0.0,0.0,0.0,0.0,261.0,48.0,21.0,3239.0,1049.0,70.0,0.0,16.0,275.0,1063.0,0.0,0.0,34.0,713.0,19.0,161.0,137.0,34.0,0.0,0.0,0.0,34.0,11.0,0.0,0.0,0.0,4.0,467.0,3914.0,0.0,101.0,7.0,330.0,0.0,0.0,203.0,0.0,0.0,2.0,55.0,0.0,14.0,0.0,0.0,0.0,0.0,1279.0,0.0,0.0,0.0,1134.0,0.0,0.0,310.0,0.0,1391.0,Healthy_Control
SRR35933526,5615.0,176.0,9153.0,570.0,0.0,0.0,0.0,0.0,72.0,0.0,0.0,0.0,462.0,0.0,0.0,104.0,98.0,0.0,0.0,0.0,20.0,0.0,0.0,0.0,0.0,0.0,16.0,0.0,1751.0,151.0,0.0,5558.0,0.0,0.0,15.0,0.0,153.0,0.0,158.0,0.0,0.0,0.0,0.0,7.0,0.0,0.0,0.0,65.0,134.0,58.0,13.0,370.0,339.0,0.0,0.0,387.0,355.0,38.0,0.0,0.0,85.0,4.0,0.0,256.0,46.0,195.0,0.0,159.0,9.0,7.0,0.0,0.0,0.0,302.0,8.0,335.0,1141.0,0.0,4.0,183.0,0.0,0.0,32.0,0.0,0.0,7.0,149.0,0.0,0.0,0.0,0.0,0.0,0.0,113.0,0.0,0.0,0.0,128.0,0.0,0.0,55.0,0.0,44.0,Breast_Cancer
SRR35933527,7985.0,1611.0,16346.0,5273.0,0.0,0.0,38.0,112.0,665.0,0.0,0.0,0.0,0.0,23.0,0.0,0.0,0.0,0.0,0.0,577.0,0.0,0.0,5980.0,95.0,0.0,0.0,407.0,0.0,0.0,582.0,0.0,1831.0,259.0,0.0,4.0,0.0,0.0,0.0,88.0,175.0,0.0,56.0,41.0,133.0,0.0,0.0,0.0,186.0,600.0,49.0,131.0,677.0,77.0,33.0,0.0,201.0,402.0,0.0,0.0,29.0,7.0,48.0,0.0,144.0,0.0,0.0,56.0,0.0,20.0,0.0,0.0,0.0,0.0,758.0,0.0,28.0,41.0,0.0,0.0,0.0,0.0,0.0,32.0,4.0,0.0,15.0,32.0,0.0,14.0,0.0,0.0,0.0,0.0,28.0,0.0,0.0,0.0,250.0,50.0,41.0,130.0,0.0,800.0,Healthy_Control
SRR35933528,6834.0,1246.0,8282.0,8.0,1094.0,480.0,0.0,94.0,133.0,0.0,0.0,0.0,4.0,0.0,0.0,0.0,823.0,3.0,0.0,48.0,0.0,0.0,408.0,68.0,2.0,3.0,32.0,0.0,0.0,700.0,7.0,10.0,1776.0,0.0,0.0,0.0,0.0,0.0,7.0,0.0,19.0,18.0,0.0,0.0,7.0,3358.0,0.0,178.0,359.0,93.0,62.0,98.0,91.0,16.0,0.0,74.0,153.0,0.0,0.0,6.0,0.0,0.0,0.0,161.0,0.0,0.0,0.0,11.0,0.0,26.0,0.0,0.0,15.0,507.0,402.0,209.0,0.0,36.0,8.0,0.0,0.0,0.0,187.0,187.0,31.0,38.0,54.0,0.0,0.0,3.0,0.0,7.0,0.0,57.0,0.0,0.0,0.0,17.0,1.0,18.0,13.0,23.0,0.0,Breast_Cancer
SRR35933529,10111.0,3632.0,16681.0,307.0,0.0,0.0,0.0,83.0,205.0,231.0,0.0,0.0,0.0,0.0,0.0,0.0,0.0,0.0,0.0,0.0,0.0,0.0,0.0,0.0,0.0,175.0,56.0,0.0,0.0,380.0,0.0,3081.0,4080.0,0.0,0.0,0.0,1127.0,0.0,71.0,0.0,0.0,0.0,0.0,0.0,0.0,0.0,0.0,139.0,676.0,41.0,835.0,238.0,183.0,7.0,10.0,1018.0,358.0,0.0,0.0,86.0,1250.0,22.0,0.0,82.0,0.0,0.0,0.0,67.0,33.0,0.0,0.0,0.0,0.0,714.0,1277.0,1917.0,0.0,140.0,0.0,0.0,0.0,0.0,767.0,0.0,0.0,338.0,92.0,0.0,0.0,5.0,0.0,0.0,0.0,222.0,0.0,0.0,0.0,363.0,60.0,0.0,268.0,0.0,136.0,Healthy_Control
SRR35933530,10723.0,3384.0,11785.0,261.0,0.0,0.0,0.0,30.0,31.0,0.0,0.0,0.0,11.0,27.0,0.0,17.0,0.0,0.0,0.0,343.0,5862.0,0.0,101.0,174.0,0.0,0.0,77.0,0.0,565.0,91.0,0.0,355.0,6272.0,252.0,16.0,9.0,63.0,0.0,18.0,53.0,0.0,0.0,0.0,0.0,0.0,0.0,0.0,333.0,105.0,42.0,168.0,426.0,359.0,0.0,0.0,1051.0,492.0,7.0,17.0,128.0,19.0,81.0,0.0,137.0,16.0,0.0,80.0,6.0,30.0,2.0,0.0,0.0,0.0,301.0,0.0,0.0,538.0,0.0,21.0,342.0,0.0,0.0,0.0,0.0,0.0,11.0,74.0,0.0,0.0,0.0,0.0,0.0,0.0,308.0,4.0,0.0,0.0,11.0,3.0,0.0,263.0,0.0,0.0,Breast_Cancer
SRR35933531,11527.0,10802.0,19011.0,668.0,0.0,0.0,0.0,0.0,0.0,0.0,2.0,0.0,416.0,0.0,0.0,29.0,0.0,0.0,0.0,102.0,0.0,0.0,0.0,0.0,0.0,0.0,49.0,0.0,0.0,0.0,0.0,7528.0,3.0,0.0,0.0,0.0,0.0,0.0,0.0,0.0,0.0,0.0,0.0,0.0,0.0,0.0,0.0,172.0,0.0,36.0,658.0,1122.0,279.0,0.0,0.0,870.0,3492.0,0.0,40.0,311.0,1148.0,30.0,0.0,250.0,24.0,0.0,0.0,0.0,60.0,279.0,0.0,0.0,0.0,165.0,882.0,56.0,0.0,0.0,0.0,0.0,0.0,0.0,0.0,0.0,0.0,0.0,127.0,0.0,9.0,0.0,0.0,0.0,0.0,1383.0,0.0,0.0,0.0,453.0,0.0,0.0,45.0,0.0,610.0,Healthy_Control
SRR35933532,21114.0,5521.0,19194.0,16446.0,0.0,0.0,0.0,80.0,0.0,61.0,0.0,0.0,20.0,0.0,0.0,0.0,113.0,0.0,0.0,11.0,302.0,0.0,0.0,60.0,0.0,0.0,44.0,146.0,0.0,41.0,468.0,3.0,12008.0,13.0,0.0,0.0,0.0,0.0,0.0,0.0,0.0,6.0,0.0,0.0,0.0,20.0,0.0,6.0,115.0,38.0,47.0,49.0,72.0,0.0,0.0,263.0,242.0,0.0,0.0,0.0,29.0,0.0,0.0,46.0,6.0,0.0,42.0,0.0,0.0,8.0,0.0,0.0,0.0,174.0,589.0,446.0,0.0,78.0,13.0,0.0,59.0,0.0,1085.0,0.0,0.0,22.0,35.0,0.0,0.0,0.0,0.0,416.0,0.0,139.0,0.0,30.0,0.0,0.0,29.0,0.0,157.0,0.0,115.0,Breast_Cancer
SRR35933533,9249.0,3085.0,21316.0,3452.0,0.0,0.0,0.0,68.0,139.0,0.0,0.0,0.0,0.0,0.0,0.0,0.0,61.0,19.0,0.0,54.0,0.0,0.0,167.0,0.0,0.0,92.0,166.0,0.0,0.0,525.0,0.0,74.0,16526.0,0.0,0.0,0.0,0.0,0.0,12.0,0.0,0.0,0.0,2.0,0.0,0.0,0.0,0.0,363.0,173.0,21.0,258.0,653.0,206.0,0.0,0.0,366.0,1158.0,0.0,0.0,617.0,227.0,15.0,22.0,165.0,7.0,0.0,0.0,16.0,0.0,9.0,0.0,245.0,0.0,459.0,616.0,104.0,14.0,0.0,13.0,18.0,0.0,17.0,7.0,0.0,0.0,5.0,147.0,0.0,4.0,0.0,0.0,0.0,0.0,291.0,0.0,0.0,0.0,151.0,70.0,15.0,383.0,0.0,39.0,Healthy_Control
SRR35933534,2656.0,3190.0,9028.0,1038.0,0.0,0.0,0.0,196.0,97.0,0.0,0.0,0.0,57.0,0.0,0.0,0.0,0.0,15.0,0.0,12.0,0.0,0.0,0.0,0.0,0.0,0.0,0.0,0.0,0.0,483.0,32.0,4.0,3162.0,0.0,0.0,10.0,0.0,0.0,5.0,0.0,11.0,0.0,0.0,0.0,0.0,895.0,0.0,38.0,275.0,13.0,4.0,243.0,34.0,11.0,0.0,53.0,54.0,0.0,8.0,283.0,0.0,0.0,0.0,29.0,0.0,106.0,0.0,12.0,10.0,3.0,0.0,0.0,0.0,1058.0,1576.0,0.0,0.0,0.0,29.0,0.0,0.0,9.0,0.0,0.0,0.0,0.0,5.0,0.0,0.0,0.0,0.0,0.0,0.0,0.0,0.0,0.0,0.0,44.0,26.0,0.0,192.0,0.0,0.0,Breast_Cancer
SRR35933535,4966.0,6199.0,25561.0,744.0,0.0,0.0,0.0,109.0,110.0,52.0,0.0,0.0,0.0,0.0,0.0,10.0,0.0,0.0,0.0,135.0,0.0,0.0,0.0,0.0,0.0,0.0,39.0,0.0,0.0,66.0,3271.0,217.0,13803.0,0.0,0.0,0.0,40.0,0.0,57.0,0.0,0.0,0.0,0.0,0.0,0.0,0.0,0.0,16.0,203.0,60.0,174.0,545.0,127.0,0.0,0.0,1113.0,589.0,0.0,16.0,872.0,61.0,21.0,0.0,187.0,28.0,10.0,0.0,52.0,43.0,8.0,0.0,0.0,0.0,1180.0,127.0,4.0,0.0,0.0,0.0,0.0,0.0,0.0,0.0,0.0,0.0,8.0,27.0,0.0,0.0,11.0,0.0,0.0,0.0,494.0,0.0,0.0,0.0,181.0,0.0,0.0,198.0,0.0,169.0,Healthy_Control
SRR35933536,7079.0,1778.0,5921.0,5449.0,0.0,0.0,0.0,0.0,0.0,0.0,3.0,0.0,1.0,0.0,0.0,0.0,0.0,0.0,0.0,0.0,0.0,0.0,0.0,0.0,0.0,0.0,0.0,0.0,0.0,0.0,0.0,4365.0,0.0,0.0,0.0,0.0,0.0,0.0,4.0,0.0,0.0,0.0,0.0,9.0,0.0,0.0,0.0,4.0,0.0,0.0,801.0,28.0,0.0,0.0,0.0,56.0,260.0,0.0,1400.0,167.0,3.0,6.0,13.0,20.0,0.0,0.0,0.0,0.0,6.0,7.0,0.0,0.0,0.0,4.0,0.0,0.0,0.0,33.0,50.0,149.0,0.0,0.0,0.0,0.0,0.0,0.0,5.0,0.0,0.0,0.0,0.0,0.0,0.0,47.0,0.0,0.0,0.0,43.0,0.0,0.0,0.0,0.0,16.0,Breast_Cancer
